31-12-2025;Rente af indestående;5,60;DKK
30-12-2025;Fælles;10.000,00;DKK
30-12-2025;Fast penge Kristian;15.000,00;DKK
29-12-2025;Padel padel - Aalborg\Hellebarden 2\Svenstrup J\ Notanr 15265675362002390924210;-50,00;DKK
29-12-2025;COOP App, Albertslund;-206,25;DKK
29-12-2025;F Notanr 05309415361800021951671;-143,92;DKK
29-12-2025;F Notanr 05309415361800021951648;-35,00;DKK
29-12-2025;COOP365 AALBORG Notanr 05309415358800020657860;-39,45;DKK
29-12-2025;COOP365 GUG. PA Notanr 05309415357800047639835;-124,85;DKK
29-12-2025;" LABC DEL GUSTO, PEVERAGNO";-87,00;DKK
22-12-2025;GISTRUP BAGERI Notanr 05438735356835626386834;-130,50;DKK
22-12-2025;Padel padel - Aalborg\Hellebarden 2\Svenstrup J\ Notanr 15265675355002334202219;-50,00;DKK
22-12-2025;OK Svenstrup, Skjoldet\Skjoldet 2 Notanr 05309415354270003483540;-495,72;DKK
22-12-2025;UNIVERSITETS AP Notanr 05309415352800190785901;-82,85;DKK
22-12-2025;F Notanr 05309415352800163794195;-70,00;DKK
18-12-2025;REMA 1000 AALBO Notanr 05309415351800084983316;-98,25;DKK
18-12-2025;Padel padel - Aalborg\Hellebarden 2\Svenstrup J\ Notanr 15265675351004239205218;-100,00;DKK
18-12-2025;COOP App, Albertslund;-117,90;DKK
18-12-2025;COOP App, Albertslund;-10,00;DKK
17-12-2025;Mob.Pay*Vinduespudser \Blekingevej 11 Notanr 05309415349270005679143;-210,00;DKK
15-12-2025;Mob.Pay*Emil Schou Notanr 05309415347270006032104;-150,00;DKK
15-12-2025;F Notanr 05309415347800029345008;-59,00;DKK
15-12-2025;F Notanr 05309415347800029344993;-221,65;DKK
15-12-2025;OK Svenstrup, Skjoldet\Skjoldet 2 Notanr 05309415346270008440439;-457,03;DKK
15-12-2025;ALLSWEETS AALBO Notanr 05309415346800254763645;-55,72;DKK
15-12-2025;CAFE CAMPUS AAU\MYRDALSTRAEDE 268\AALBORG\ Notanr 55184225346553476153925;-165,00;DKK
15-12-2025;" APPLE.COM/BILL, CORK";-9,00;DKK
15-12-2025;COOP365 AALBORG Notanr 05309415346800196033230;-78,95;DKK
15-12-2025;REMA 1000 AALBO Notanr 05309415346800045217786;-89,95;DKK
15-12-2025;REMA 1000 AALBO Notanr 05309415345800105569929;-204,90;DKK
10-12-2025;249AALBORGGRONLANDSTOR\GRONLANDSTORV10BRAALBORGB \COPENHAGEN Notanr 05438735344734436087192;-154,25;DKK
08-12-2025;REMA 1000 AALBO Notanr 05309415341800099899583;-462,79;DKK
08-12-2025;Padel padel - Aalborg\Hellebarden 2\Svenstrup J\ Notanr 15265675340004766216210;-50,00;DKK
08-12-2025;OIL tank go AAlborg OE\Niels Bohrs Vej 44 Notanr 05309415339270003324363;-530,65;DKK
08-12-2025;F Notanr 05309415339800172175368;-644,58;DKK
08-12-2025;AALBORGHUS APOTEK Notanr 05438735339733955550579;-58,65;DKK
08-12-2025;COOP365 AALBORG Notanr 05309415338800223257943;-230,35;DKK
08-12-2025;Mob.Pay*Peach Fuzz Notanr 05309415338270005459705;-119,00;DKK
04-12-2025;COOP App, Albertslund;-211,85;DKK
03-12-2025;apopro.dk\Kildebrondevej 44A\Greve\ Notanr 25481045337094794771730;-668,10;DKK
02-12-2025;Til A-kasse;-1.497,00;DKK
01-12-2025;COOP App, Albertslund;-413,46;DKK
01-12-2025;Betalingsservice P/S MARSHALLS ALLE Aftalenr. 991985468;-9.672,48;DKK
01-12-2025;Betalingsservice AALBORG KOMMUNE, CVRNR. 29189420 Aftalenr. 003763260;-3.409,00;DKK
01-12-2025;Betalingsservice NORLYS ENERGI A/S Aftalenr. 994902809;-481,35;DKK
28-11-2025;Fælles;10.000,00;DKK
28-11-2025;Fast penge Kristian;15.000,00;DKK
27-11-2025;REMA 1000 AALBO Notanr 05309415330800120921839;-8,06;DKK
27-11-2025;COOP App, Albertslund;-251,30;DKK
25-11-2025;TANDLAEGEN AALBORG\TANKEDRAGET 7\AALBORG\ Notanr 82710845329328136755952;-154,42;DKK
25-11-2025;COOP App, Albertslund;-225,50;DKK
24-11-2025;SHELL SERVICE, Notanr 05309415326800188829664;-540,48;DKK
24-11-2025;DELICIOUS FACTORY\Rimmensgade\Frederikshavn\ Notanr 72716095326594289929518;-60,00;DKK
24-11-2025;Padel padel - Aalborg\Hellebarden 2\Svenstrup J\ Notanr 15265675326002265161216;-50,00;DKK
24-11-2025;F Notanr 05309415325800162995359;-213,01;DKK
24-11-2025;F Notanr 05309415325800162995672;-49,00;DKK
24-11-2025;REMA 1000 AALBO Notanr 05309415325800185514450;-83,66;DKK
24-11-2025;REMA 1000 AALBO Notanr 05309415325800085563334;-70,23;DKK
24-11-2025;COOP365 AALBORG Notanr 05309415325800084112893;-56,95;DKK
17-11-2025;REMA 1000 AALBO Notanr 05309415320800088614634;-199,31;DKK
17-11-2025;F Notanr 05309415319800133012027;-62,00;DKK
17-11-2025;SILVAN A/S Notanr 05309415319800149116622;-415,85;DKK
17-11-2025;249AALBORGGRONLANDSTOR\GRONLANDSTORV10BRAALBORGB \COPENHAGEN Notanr 05438735320732055900156;-25,00;DKK
17-11-2025;F Notanr 05309415319800026183455;-39,95;DKK
17-11-2025;F Notanr 05309415319800026183158;-988,13;DKK
13-11-2025;" APPLE.COM/BILL, CORK";-9,00;DKK
13-11-2025;GISTRUP BAGERI Notanr 05438735317831725802795;-54,00;DKK
13-11-2025;ÅLBORG STORCENT Notanr 05309415316800195168173;-200,00;DKK
13-11-2025;COOP App, Albertslund;-105,95;DKK
10-11-2025;REMA 1000 AALBO Notanr 05309415313800030308714;-564,52;DKK
10-11-2025;COOP App, Albertslund;-66,00;DKK
10-11-2025;OK Svenstrup, Skjoldet\Skjoldet 2 Notanr 05309415312270008284597;-518,64;DKK
10-11-2025;COOP App, Albertslund;-141,95;DKK
10-11-2025;SPAR DORAVEJ AN Notanr 05309415311800225840952;-61,90;DKK
06-11-2025;COOP App, Albertslund;-221,32;DKK
06-11-2025;MOTATOS.DK\c/o Azets Insight A/S Lyskaer 3C\HERLEV\ Notanr 82644315309500017622274;-537,80;DKK
05-11-2025;Betalingsservice IDA INGENIØRFORE. I DANMARK Aftalenr. 971748364;-878,25;DKK
05-11-2025;Betalingsservice IDA INGENIØRFORE. I DANMARK Aftalenr. 958395346;-878,25;DKK
05-11-2025;COOP App, Albertslund;-120,90;DKK
04-11-2025;REMA 1000 AALBO Notanr 05309415307800087521316;-54,20;DKK
03-11-2025;Betalingsservice P/S MARSHALLS ALLE Aftalenr. 991985468;-9.672,48;DKK
03-11-2025;Betalingsservice AALBORG KOMMUNE, CVRNR. 29189420 Aftalenr. 003763260;-3.409,00;DKK
03-11-2025;Betalingsservice NORLYS ENERGI A/S Aftalenr. 994902809;-400,55;DKK
03-11-2025;F Notanr 05309415304800182690191;-881,87;DKK
03-11-2025;REMA 1000 AALBO Notanr 05309415304800051161035;-102,58;DKK
31-10-2025;Fælles;10.000,00;DKK
31-10-2025;Fast penge Kristian;15.000,00;DKK
29-10-2025;NORDISK FILM BI Notanr 05309415301800161488073;-134,05;DKK
28-10-2025;249AALBORGGRONLANDSTOR\GRONLANDSTORV10BRAALBORGB \COPENHAGEN Notanr 05438735301730054548375;-116,90;DKK
27-10-2025;COOP App, Albertslund;-64,75;DKK
27-10-2025;AZZURRA NORDKRA Notanr 05309415298800273850470;-69,00;DKK
27-10-2025;Padel padel - Aalborg\Hellebarden 2\Svenstrup J\ Notanr 15265675298003327922219;-45,00;DKK
27-10-2025;COOP App, Albertslund;-269,15;DKK
27-10-2025;Padel padel - Aalborg\Hellebarden 2\Svenstrup J\ Notanr 15265675298002324995210;-95,00;DKK
23-10-2025;OK Svenstrup, Skjoldet\Skjoldet 2 Notanr 05309415295270007806961;-524,33;DKK
20-10-2025;CIRCLE K KNUDSTRUP Notanr 05438735293729265010399;-23,00;DKK
20-10-2025;1-2-3 ST. BINDERUP Notanr 05438735293729265375958;-406,56;DKK
20-10-2025;BILKA SKALBORG Notanr 05309415291800249306034;-1.212,33;DKK
20-10-2025;REMA 1000 AALBO Notanr 05309415291800081977694;-647,09;DKK
20-10-2025;NETTO ÅLBORG HA Notanr 05309415291800067294726;-152,46;DKK
20-10-2025;Overførsel;3.000,00;DKK
20-10-2025;Burger King Hjorring\FREDERIKSHAVSNVEJ 82\Hjorring Notanr 12710185290019027624935;-172,00;DKK
17-10-2025;MIN K Notanr 05309415289800188006722;-47,62;DKK
17-10-2025;REMA 1000 SILKE Notanr 05309415289800093267633;-59,00;DKK
15-10-2025;AALBORG O FYRKILDEN AP\FYRKILDEVEJ 7, STUEN Notanr 05438735288728850963308;-69,85;DKK
15-10-2025;COOP App, Albertslund;-27,25;DKK
14-10-2025;F Notanr 05309415286800141159173;-263,93;DKK
13-10-2025;" APPLE.COM/BILL, 80249625";-9,00;DKK
13-10-2025;BAUHAUS DANMARK Notanr 05309415285800077772909;-49,95;DKK
13-10-2025;249AALBORGGRONLANDSTOR\GRONLANDSTORV10BRAALBORGB \COPENHAGEN Notanr 05438735285728558696146;-79,30;DKK
13-10-2025;Uno-X 295 Pandrup Notanr 05309415284270008813134;-522,50;DKK
13-10-2025;GIGANTIUM SV Notanr 05309415284800035347241;50,00;DKK
13-10-2025;Overførsel;3.000,00;DKK
13-10-2025;F Notanr 05309415283800158346302;-312,04;DKK
13-10-2025;Mob.Pay*Peach Fuzz Notanr 05309415282270006770569;-119,00;DKK
08-10-2025;COOP App, Albertslund;-33,50;DKK
06-10-2025;REMA 1000 AALBO Notanr 05309415278800058645776;-352,67;DKK
06-10-2025;DILLING A/S\Sundsvej 62\Herning\ Notanr 15265675278001892872037;-659,96;DKK
06-10-2025;MCDPURHUS Notanr 05438735278727852701759;-30,00;DKK
06-10-2025;MCDPURHUS Notanr 05438735278727852701445;-139,00;DKK
06-10-2025;" puzzle YOU GmbH, puzzleyou.dk";-358,00;DKK
06-10-2025;F Notanr 05309415276800164092592;-362,74;DKK
03-10-2025;COOP App, Albertslund;-76,00;DKK
03-10-2025;249AALBORGGRONLANDSTOR\GRONLANDSTORV10BRAALBORGB \COPENHAGEN Notanr 05438735275727556853651;-49,45;DKK
02-10-2025;Betalingsservice AALBORG FORSYNING Aftalenr. 993369593;-1.399,83;DKK
02-10-2025;Betalingsservice AALBORG FORSYNING Aftalenr. 993369594;-555,79;DKK
01-10-2025;COOP App, Albertslund;-60,00;DKK
01-10-2025;COOP App, Albertslund;-40,00;DKK
01-10-2025;Betalingsservice P/S MARSHALLS ALLE Aftalenr. 991985468;-9.672,48;DKK
01-10-2025;Betalingsservice TRYG Aftalenr. 955936124;-5.071,45;DKK
01-10-2025;Betalingsservice AALBORG KOMMUNE, CVRNR. 29189420 Aftalenr. 003763260;-3.409,00;DKK
01-10-2025;Betalingsservice AKADEMIKERNES A-KASSE Aftalenr. 990597999;-1.497,00;DKK
01-10-2025;Betalingsservice TRYG Aftalenr. 994914257;-552,41;DKK
01-10-2025;Betalingsservice NORLYS ENERGI A/S Aftalenr. 994902809;-378,19;DKK
01-10-2025;REMA 1000 AALBO Notanr 05309415272800214561731;-225,40;DKK
30-09-2025;Fælles;10.000,00;DKK
30-09-2025;Fast penge Kristian;15.000,00;DKK
29-09-2025;CIRCLE K FREDERIKSBERG\FREDERIKSBERGGADE 28 Notanr 05438735272727166922543;-540,98;DKK
29-09-2025;COOP App, Albertslund;-59,95;DKK
29-09-2025;F Notanr 05309415269800159209267;-1.042,15;DKK
29-09-2025;Mob.Pay*Lone Breumlund Notanr 05309415269270008719355;-385,00;DKK
25-09-2025;249AALBORGGRONLANDSTOR\GRONLANDSTORV10BRAALBORGB \COPENHAGEN Notanr 05438735268726853943008;-82,95;DKK
25-09-2025;COOP App, Albertslund;-77,40;DKK
24-09-2025;CAFE CAMPUS AAU\MYRDALSTRAEDE 268\AALBORG\ Notanr 55184225266542676516813;-175,00;DKK
22-09-2025;SHELL SERVICE, Notanr 05309415264800041747750;-523,10;DKK
22-09-2025;SPAR EBBERUP AP Notanr 05309415262800220614443;-145,61;DKK
19-09-2025;Padel padel - Aalborg\Hellebarden 2\Svenstrup J\ Notanr 15265675261003373014088;-50,00;DKK
18-09-2025;EasyPark A/S\Jaegersborg Alle 16\easypark.dk\ Notanr 15265675261001913503065;-159,62;DKK
18-09-2025;MobilePay køb MobilePay Coop App;-268,85;DKK
16-09-2025;MobilePay køb MobilePay Coop App;-145,60;DKK
16-09-2025;OK Svenstrup, Skjoldet\Skjoldet 2 Notanr 05309415258270003452948;-555,32;DKK
16-09-2025;REMA 1000 AALBO Notanr 05309415258800083016310;-165,85;DKK
15-09-2025;MobilePay køb MobilePay Coop App;-186,00;DKK
15-09-2025;COOP App, Albertslund;-106,20;DKK
15-09-2025;REMA 1000 AALBO Notanr 05309415256800045004620;-178,25;DKK
15-09-2025;SPAR DORAVEJ AN Notanr 05309415256800029930311;-43,00;DKK
15-09-2025;" APPLE.COM/BILL, 80249625";-9,00;DKK
15-09-2025;F Notanr 05309415255800160445112;-364,17;DKK
15-09-2025;COOP App, Albertslund;-196,45;DKK
10-09-2025;MobilePay køb MobilePay Coop App;-181,70;DKK
08-09-2025;Mob.Pay*Lone Breumlund Notanr 05309415250270007070124;-230,00;DKK
08-09-2025;COOP App, Albertslund;-120,95;DKK
08-09-2025;F Notanr 05309415249800070438669;-427,58;DKK
08-09-2025;BR Notanr 05309415249800266431668;-143,00;DKK
08-09-2025;COOP365 AALBORG Notanr 05309415247800167149767;-247,60;DKK
04-09-2025;HELLOFRESH DK Notanr 12702865246001023073087;-809,00;DKK
03-09-2025;MobilePay køb MobilePay F-klubben - Stregsystemet;-100,00;DKK
01-09-2025;REMA 1000 AALBO Notanr 05309415243800035992798;-440,75;DKK
01-09-2025;MobilePay køb MobilePay Coop App;-26,90;DKK
01-09-2025;Betalingsservice P/S MARSHALLS ALLE Aftalenr. 991985468;-9.672,48;DKK
01-09-2025;Betalingsservice AALBORG KOMMUNE, CVRNR. 29189420 Aftalenr. 003763260;-3.409,00;DKK
01-09-2025;Betalingsservice AP PENSION LIVSFORSIKRINGS A/S Aftalenr. 009544679;-3.021,88;DKK
01-09-2025;Betalingsservice NORLYS ENERGI A/S Aftalenr. 994902809;-386,68;DKK
01-09-2025;BILKA SKALBORG Notanr 05309415242800173420579;-6,00;DKK
01-09-2025;BILKA SKALBORG Notanr 05309415242800173425651;-169,00;DKK
01-09-2025;BILKA SKALBORG Notanr 05309415242800173419902;-698,00;DKK
01-09-2025;Mob.Pay*Lasse Dahl\Holmens kanal 2-12\Kobenhavn K\ Notanr 25481045243091451951921;-984,00;DKK
01-09-2025;MobilePay: MobilePay Jørn Ødum Nielsen;-310,40;DKK
01-09-2025;DMR period. afgift;-652,94;DKK
01-09-2025;F Notanr 05309415241800179398044;-629,97;DKK
29-08-2025;Fælles;10.000,00;DKK
29-08-2025;Fast penge Kristian;15.000,00;DKK
28-08-2025;COOP App, Albertslund;-206,10;DKK
28-08-2025;REMA 1000 AALBO Notanr 05309415238800202683532;-46,90;DKK
25-08-2025;GISTRUP BAGERI Notanr 05438735237823723020659;-121,00;DKK
25-08-2025;OK Svenstrup, Skjoldet\Skjoldet 2 Notanr 05309415236270004136505;-450,11;DKK
25-08-2025;JULIETTE APS Notanr 05309415236800082704905;-220,00;DKK
25-08-2025;MobilePay køb MobilePay Coop App;-152,80;DKK
25-08-2025;MobilePay køb MobilePay Coop App;-120,95;DKK
25-08-2025;COOP App, Albertslund;-42,75;DKK
22-08-2025;MobilePay køb MobilePay Coop App;-175,67;DKK
22-08-2025;REMA 1000 AALBO Notanr 05309415232800212255269;-140,70;DKK
22-08-2025;Mob.Pay*Vinduespudser \Blekingevej 11 Notanr 05309415232270008205631;-210,00;DKK
18-08-2025;MobilePay køb MobilePay Coop App;-92,50;DKK
18-08-2025;NETTO ÅLBORG HA Notanr 05309415229800082815775;-64,00;DKK
18-08-2025;COOP App, Albertslund;-79,00;DKK
18-08-2025;Mob.Pay*Peach Fuzz Notanr 05309415226270008549002;-119,00;DKK
14-08-2025;HELLOFRESH DK Notanr 12702865226000971818554;-24,90;DKK
14-08-2025;HELLOFRESH DK Notanr 12702865226000971798830;-657,00;DKK
14-08-2025;COOP App, Albertslund;-35,95;DKK
14-08-2025;" APPLE.COM/BILL, 80249625";-9,00;DKK
14-08-2025;REMA 1000 AALBO Notanr 05309415224800214621906;-277,75;DKK
12-08-2025;COOP365 AALBORG Notanr 05309415223800216687583;-15,00;DKK
11-08-2025;OK Svenstrup, Skjoldet\Skjoldet 2 Notanr 05309415222270004591416;-421,83;DKK
11-08-2025;COOP App, Albertslund;-205,15;DKK
11-08-2025;EasyPark A/S\Jaegersborg Alle 16\easypark.dk\ Notanr 15265675222000345859051;-28,00;DKK
11-08-2025;Mob.Pay*Lone Breumlund Notanr 05309415221280001539400;-383,00;DKK
11-08-2025;MobilePay køb MobilePay Coop App;-128,45;DKK
11-08-2025;BILKA SKALBORG Notanr 05309415220800165902713;-630,55;DKK
11-08-2025;BOG & ID±, AALB Notanr 05309415220800118027725;-289,85;DKK
08-08-2025;COOP App, Albertslund;-190,20;DKK
06-08-2025;COOP App, Albertslund;-14,95;DKK
06-08-2025;https://www.aeroexpres\Havnepladsen 8 Notanr 05309415216280001037386;188,00;DKK
05-08-2025;Betalingsservice IDA INGENIØRFORE. I DANMARK Aftalenr. 958395346;-878,25;DKK
05-08-2025;Betalingsservice IDA INGENIØRFORE. I DANMARK Aftalenr. 971748364;-289,25;DKK
05-08-2025;OK Svenstrup, Skjoldet\Skjoldet 2 Notanr 05309415215270004271976;-464,06;DKK
05-08-2025;REMA 1000 AALBO Notanr 05309415215800039270559;-196,75;DKK
04-08-2025;EasyPark A/S\Jaegersborg Alle 16\easypark.dk\ Notanr 15265675214001271979038;-25,93;DKK
04-08-2025;OK Svenstrup, Skjoldet\Skjoldet 2 Notanr 05309415212270005651682;-447,35;DKK
04-08-2025;NETTO VIG Notanr 05309415212800247762069;-26,20;DKK
04-08-2025;Mealo\Lykkesholm\MealoTakeaway\ Notanr 72716095212551429091226;-276,35;DKK
01-08-2025;COOP App, Albertslund;-11,95;DKK
01-08-2025;Betalingsservice P/S MARSHALLS ALLE Aftalenr. 991985468;-9.672,48;DKK
01-08-2025;Betalingsservice AALBORG KOMMUNE, CVRNR. 29189420 Aftalenr. 003763260;-3.409,00;DKK
01-08-2025;Betalingsservice TRYG Aftalenr. 955936124;-615,09;DKK
01-08-2025;Betalingsservice NORLYS ENERGI A/S Aftalenr. 994902809;-403,50;DKK
01-08-2025;Delebil;-1.000,00;DKK
01-08-2025;249AALBORGGRONLANDSTOR\GRONLANDSTORV10BRAALBORGB \COPENHAGEN Notanr 05438735212721253941592;-88,95;DKK
01-08-2025;F Notanr 05309415211800063131325;-15,00;DKK
31-07-2025;Fælles;10.000,00;DKK
31-07-2025;Fast penge Kristian;17.000,00;DKK
31-07-2025;HELLOFRESH DK Notanr 12702865211000979064489;-657,00;DKK
31-07-2025;249AALBORGGRONLANDSTOR\GRONLANDSTORV10BRAALBORGB \COPENHAGEN Notanr 05438735211721157020205;-28,00;DKK
30-07-2025;COOP App, Albertslund;-153,95;DKK
29-07-2025;MobilePay køb MobilePay Coop App;-84,75;DKK
28-07-2025;REMA 1000 AALBO Notanr 05309415207800043088377;-276,40;DKK
28-07-2025;MobilePay køb MobilePay Coop App;-136,07;DKK
28-07-2025;OK Svenstrup, Skjoldet\Skjoldet 2 Notanr 05309415206280001755294;-352,54;DKK
28-07-2025;KLINGENBERG OST Notanr 05309415206800074561384;-204,00;DKK
28-07-2025;VESTERPORTS BAG Notanr 05309415206800068572785;-162,00;DKK
28-07-2025;Overførsel;1.500,00;DKK
28-07-2025;Kvickly SvendborgC Notanr 05309415205270005213268;-57,95;DKK
28-07-2025;Kvickly SvendborgC Notanr 05309415205270001031300;-14,00;DKK
28-07-2025;aeroeferrydk Notanr 05309415205270008713371;-162,00;DKK
28-07-2025;aeroe-ferry.com Notanr 05309415205280000660199;162,00;DKK
28-07-2025;GELATO ITALIA S Notanr 05309415205800179969319;-46,00;DKK
28-07-2025;AEROXPRESSEN\HAVNEPLADSEN 8 B\MARSTAL\ Notanr 55184225205542065211723;-20,00;DKK
28-07-2025;aeroexpressen.dk Notanr 05309415205270008653783;-188,00;DKK
28-07-2025;NETTO [R Notanr 05309415205800061625458;-83,70;DKK
28-07-2025;aeroeferrydk Notanr 05309415205270008597444;-162,00;DKK
25-07-2025;Zettle_*BALLAST BAR BU\Havnepladsen 8A\Marstal\ Notanr 25481045206090019108938;-84,00;DKK
24-07-2025;KILDEGÅRD LAND- Notanr 05309415204800160533687;-70,00;DKK
24-07-2025;SuperB Faaborg Notanr 05309415204270005176235;-64,20;DKK
24-07-2025;SuperB Kvaerndrup Notanr 05309415204270004828810;-95,15;DKK
24-07-2025;MobilePay køb MobilePay Ærø Golf Klub, Fyrtårn;-7,00;DKK
24-07-2025;Sinai Ostebutik ApS Notanr 12712375204723132937682;-168,00;DKK
24-07-2025;MobilePay køb MobilePay Ærø Golf Klub, Fyrtårn;-60,00;DKK
24-07-2025;LIDL170FABORG Notanr 05438735204720456433167;-22,95;DKK
24-07-2025;VESTERPORTS BAG Notanr 05309415203800023386670;-99,00;DKK
23-07-2025;" Strava Ireland Limited, Dublin";-499,00;DKK
23-07-2025;VETERANBANEN-FAABORG\Banegardspladsen 10\FAABORG\ Notanr 82644315203500016307627;-207,00;DKK
23-07-2025;CIRCLE K NORAGER Notanr 05438735203720261008619;-373,81;DKK
23-07-2025;REMA 1000 HÅRBY Notanr 05309415202800196229864;-379,80;DKK
23-07-2025;Overførsel;2.000,00;DKK
22-07-2025;REMA 1000 AALBO Notanr 05309415201800021441941;-186,90;DKK
21-07-2025;COOP App, Albertslund;-188,35;DKK
21-07-2025;SPAR HVIDBJERG Notanr 05309415199800065410194;-140,45;DKK
21-07-2025;SPAR HVIDBJERG Notanr 05309415199800065410475;-20,45;DKK
17-07-2025;SPAR HVIDBJERG Notanr 05309415196800188487312;-217,85;DKK
17-07-2025;Molslinjen A/S\Faergevej 7A\+45 70251025\ Notanr 72716095196543142448221;-773,00;DKK
16-07-2025;SPAR HVIDBJERG Notanr 05309415195800191550206;-261,20;DKK
14-07-2025;" APPLE.COM/BILL, 80249625";-9,00;DKK
14-07-2025;REMA 1000 AALBO Notanr 05309415193800042107349;-158,15;DKK
14-07-2025;OK Svenstrup, Skjoldet\Skjoldet 2 Notanr 05309415192270006069862;-271,55;DKK
14-07-2025;REMA 1000 AALBO Notanr 05309415192800042289866;-70,40;DKK
14-07-2025;COOP App, Albertslund;-82,16;DKK
14-07-2025;BILTEMA AALBORG\STENBUKKEN 21\AALBORG SV\ Notanr 25481045192089499165620;-39,80;DKK
11-07-2025;PINGVIN TAPAS\STJERNEPLADSEN 3C\AALBORG\ Notanr 55184225190641908517507;-368,00;DKK
10-07-2025;SPAR GUG Notanr 05309415189800099364278;-8,00;DKK
10-07-2025;REMA 1000 AALBO Notanr 05309415189800038014141;-179,40;DKK
08-07-2025;OK Svenstrup, Skjoldet\Skjoldet 2 Notanr 05309415187270008523814;-468,58;DKK
08-07-2025;BILTEMA AALBORG\STENBUKKEN 21\AALBORG SV\ Notanr 25481045188089352272246;-55,80;DKK
08-07-2025;REMA 1000 AALBO Notanr 05309415187800038943358;-48,45;DKK
07-07-2025;REMA 1000 AALBO Notanr 05309415185800090792679;-130,40;DKK
07-07-2025;F Notanr 05309415184800026632065;-184,45;DKK
04-07-2025;REMA 1000 AALBO Notanr 05309415183800045529905;-280,85;DKK
03-07-2025;HELLOFRESH DK Notanr 12702865183000993664128;-581,00;DKK
02-07-2025;COOP App, Albertslund;-128,84;DKK
02-07-2025;REMA 1000 AALBO Notanr 05309415181800053947371;-74,50;DKK
02-07-2025;Betalingsservice AALBORG FORSYNING Aftalenr. 993369594;-1.469,10;DKK
02-07-2025;Betalingsservice AALBORG FORSYNING Aftalenr. 993369593;-1.370,41;DKK
01-07-2025;Akademikernes A-kass;-1.497,00;DKK
01-07-2025;Betalingsservice P/S MARSHALLS ALLE Aftalenr. 991985468;-9.672,48;DKK
01-07-2025;Betalingsservice AKADEMIKERNES A-KASSE Aftalenr. 990597999;-1.497,00;DKK
01-07-2025;Betalingsservice TRYG Aftalenr. 008563805;-1.111,40;DKK
01-07-2025;Betalingsservice NORLYS ENERGI A/S Aftalenr. 994902809;-359,21;DKK
01-07-2025;Delebil;-1.000,00;DKK
30-06-2025;HM DK0847\Hobrovej 452\Aalborg\ Notanr 15265675180003514218075;-129,00;DKK
30-06-2025;SALLING STORMAG Notanr 05309415180800073292361;-539,91;DKK
30-06-2025;COOP App, Albertslund;-175,74;DKK
30-06-2025;Fælles;6.000,00;DKK
30-06-2025;Fast penge Kristian;17.000,00;DKK
30-06-2025;Padel padel - Aalborg\Hellebarden 2\Svenstrup J\ Notanr 15265675179003799697087;-20,00;DKK
30-06-2025;kanpla.dk\Sondergade 44, sal 3\Aarhus C\ Notanr 85263235178525287844770;-24,00;DKK
27-06-2025;249AALBORGGRONLANDSTOR\GRONLANDSTORV10BRAALBORGB \COPENHAGEN Notanr 05438735178717861947056;-183,35;DKK
27-06-2025;COOP App, Albertslund;-30,00;DKK
27-06-2025;PastaLab1\Vanloese Tor\Vanloese\ Notanr 72716095176531409956428;-165,00;DKK
27-06-2025;NORMAL K Notanr 05309415176800017869593;-34,50;DKK
27-06-2025;AALBORG LUFTHAV Notanr 05309415176800019660610;-87,00;DKK
26-06-2025;REMA 1000 AALBO Notanr 05309415175800039852313;-164,95;DKK
25-06-2025;kanpla.dk\Sondergade 44, sal 3\Aarhus C\ Notanr 85263235174524278917616;-24,00;DKK
23-06-2025;OK Svenstrup, Skjoldet\Skjoldet 2 Notanr 05309415173270009098176;-540,50;DKK
23-06-2025;Blokhus forretning Notanr 77762385172000135939919;-120,00;DKK
23-06-2025;REMA 1000 BLOKH Notanr 05309415172800192540955;-76,44;DKK
23-06-2025;Mob.Pay*CROSSFIT AALBO\Gasvjrksvej 30M Notanr 05309415172270009292044;-10,00;DKK
23-06-2025;COOP App, Albertslund;-82,50;DKK
23-06-2025;Mob.Pay*Peach Fuzz Notanr 05309415170270009234980;-119,00;DKK
20-06-2025;kanpla.dk\Sondergade 44, sal 3\Aarhus C\ Notanr 85263235170524272808369;-24,00;DKK
20-06-2025;Fakta 282 Notanr 05309415169270005132033;-135,90;DKK
20-06-2025;GISTRUP BAGERI Notanr 05438735170817032370572;-114,00;DKK
20-06-2025;kanpla.dk\Sondergade 44, sal 3\Aarhus C\ Notanr 85263235169524270558621;-24,00;DKK
20-06-2025;HELLOFRESH DK Notanr 12702865170000191815543;-505,00;DKK
19-06-2025;NADIAS SANDWICH Notanr 05438735169816932321852;-60,30;DKK
19-06-2025;REMA 1000 AALBO Notanr 05309415168800021210057;-41,00;DKK
19-06-2025;REMA 1000 AALBO Notanr 05309415168800204553059;18,00;DKK
18-06-2025;TANDLAEGEN AALBORG\TANKEDRAGET 7\AALBORG\ Notanr 82710845169168072937823;-188,29;DKK
18-06-2025;Mob.Pay*Vinduespudser \Blekingevej 11 Notanr 05309415167270008694882;-210,00;DKK
17-06-2025;COOP App, Albertslund;-200,90;DKK
16-06-2025;F Notanr 05309415165800033481772;-30,00;DKK
16-06-2025;OK Svenstrup, Skjoldet\Skjoldet 2 Notanr 05309415165270005599938;-514,35;DKK
16-06-2025;F Notanr 05309415165800033481764;-292,90;DKK
16-06-2025;AALBORG LOVE AP Notanr 05438735165816531376426;-52,95;DKK
16-06-2025;REMA 1000 AALBO Notanr 05309415164800026818841;-11,25;DKK
16-06-2025;" APPLE.COM/BILL, 80249625";-9,00;DKK
13-06-2025;COOP App, Albertslund;-118,61;DKK
13-06-2025;Guf Notanr 72716095162496136594213;-59,00;DKK
12-06-2025;REMA 1000 AALBO Notanr 05309415161800211426114;-41,95;DKK
11-06-2025;MobilePay køb MobilePay Coop App;-241,75;DKK
11-06-2025;kanpla.dk\Sondergade 44, sal 3\Aarhus C\ Notanr 85263235161522252749083;-6,00;DKK
11-06-2025;kanpla.dk\Sondergade 44, sal 3\Aarhus C\ Notanr 85263235161522252748945;-24,00;DKK
10-06-2025;Padel padel - Aalborg\Hellebarden 2\Svenstrup J\ Notanr 15265675160002659937089;-15,00;DKK
10-06-2025;COOP App, Albertslund;-283,80;DKK
10-06-2025;MobilePay: MobilePay Frederik Ødum Hougaard;-636,00;DKK
10-06-2025;Hermans Hule Aalborg A\Vandmanden 5a Notanr 05309415159270004621723;-100,00;DKK
10-06-2025;REMA 1000 AALBO Notanr 05309415158800091793430;-248,25;DKK
10-06-2025;MobilePay køb MobilePay Hermans Hule Aalborg;-10,00;DKK
10-06-2025;LIDL249AALBORGGRNLANDS\GRNLANDSTORV10 Notanr 05438735158715859622115;-471,44;DKK
10-06-2025;basicclean.dk\Aalborgvej 32\Terndrup\ Notanr 25481045158088204890938;-133,26;DKK
10-06-2025;SP HYPE\Bispensgade 17B 1tv\AALBORG CENTR\ Notanr 82644315157500020069292;-209,00;DKK
06-06-2025;COOP App, Albertslund;-111,85;DKK
06-06-2025;OK Svenstrup, Skjoldet\Skjoldet 2 Notanr 05309415155270005351449;-508,54;DKK
06-06-2025;COOP App, Albertslund;-67,50;DKK
06-06-2025;NETTO ÅLBORG HA Notanr 05309415154800067463251;-28,00;DKK
04-06-2025;F Notanr 05309415153800071702604;-269,50;DKK
03-06-2025;" Zalando Payments GmbH, Berlin";-317,00;DKK
02-06-2025;MobilePay køb MobilePay Coop App;-167,35;DKK
02-06-2025;Betalingsservice P/S MARSHALLS ALLE Aftalenr. 991985468;-9.672,48;DKK
02-06-2025;Betalingsservice AALBORG KOMMUNE, CVRNR. 29189420 Aftalenr. 003763260;-3.409,00;DKK
02-06-2025;Betalingsservice NORLYS ENERGI A/S Aftalenr. 994902809;-422,55;DKK
02-06-2025;249AALBORGGRONLANDSTOR\GRONLANDSTORV10BRAALBORGB \COPENHAGEN Notanr 05438735151715165514789;-113,90;DKK
02-06-2025;MobilePay køb MobilePay Coop App;-329,05;DKK
02-06-2025;OTHELLOBAGERIET Notanr 05309415149800071635967;-110,00;DKK
28-05-2025;CAFE CAMPUS AAU\MYRDALSTRAEDE 268\AALBORG\ Notanr 55184225147601477902989;-185,00;DKK
28-05-2025;Fælles;6.000,00;DKK
28-05-2025;COOP App, Albertslund;-38,00;DKK
28-05-2025;COOP App, Albertslund;-23,00;DKK
28-05-2025;Fast penge Kristian;17.000,00;DKK
28-05-2025;Delebil;-1.000,00;DKK
28-05-2025;REMA 1000 AALBO Notanr 05309415146800100115240;-35,00;DKK
27-05-2025;TGTG ftaj36d2faht0\Lindgreens Alle 9, 1.\toogoodtogo.d\ Notanr 15265675146004209255052;-119,00;DKK
26-05-2025;Fakta 282 Notanr 05309415145270003722313;-169,05;DKK
26-05-2025;OK Svenstrup, Skjoldet\Skjoldet 2 Notanr 05309415143280001654477;-446,57;DKK
26-05-2025;COOP App, Albertslund;-182,00;DKK
23-05-2025;Okkels Silkeborg\Nygade 26E\Silkeborg\ Notanr 15265675142002544601059;-150,00;DKK
23-05-2025;LIDL302SILKEBORG2 Notanr 05438735142714258067393;-30,25;DKK
22-05-2025;Fakta 282 Notanr 05309415140270004587256;-234,25;DKK
21-05-2025;Fakta 282 Notanr 05309415139270004234779;-56,80;DKK
20-05-2025;BILKA HOLSTEBRO Notanr 05309415138800073441037;-18,50;DKK
20-05-2025;BILKA HOLSTEBRO Notanr 05309415138800073441367;-32,00;DKK
19-05-2025;BILKA HOLSTEBRO Notanr 05309415137800055581835;-14,00;DKK
19-05-2025;BILKA HOLSTEBRO Notanr 05309415137800055581827;-50,00;DKK
19-05-2025;AALBORG STORCENTER APO\HOBROVEJ 452 Notanr 05438735137713769485596;-394,85;DKK
19-05-2025;BILKA SKALBORG Notanr 05309415136800069341326;-113,92;DKK
19-05-2025;Fakta 282 Notanr 05309415135270004719583;-138,50;DKK
16-05-2025;SUNSET BLVD BRU Notanr 05309415134800093485158;-64,00;DKK
16-05-2025;OTHELLOBAGERIET Notanr 05309415134800026172337;-20,00;DKK
15-05-2025;LIDL249AALBORGGRNLANDS\GRNLANDSTORV10 Notanr 05438735134713455349935;-16,25;DKK
15-05-2025;AALBORGHUS APOTEK Notanr 05438735134713452429045;-70,95;DKK
14-05-2025;OK Svenstrup, Skjoldet\Skjoldet 2 Notanr 05309415132280000091211;-472,80;DKK
14-05-2025;" APPLE.COM/BILL, 80249625";-9,00;DKK
14-05-2025;Fakta 282 Notanr 05309415132270004824071;-145,35;DKK
13-05-2025;kanpla.dk\Sondergade 44, sal 3\Aarhus C\ Notanr 85263235132518192223334;-6,00;DKK
13-05-2025;kanpla.dk\Sondergade 44, sal 3\Aarhus C\ Notanr 85263235132518192223169;-24,00;DKK
13-05-2025;UFILTRERET PROGRAM\Lrkevej 10\COPENHAGEN\ Notanr 82644315132500020683613;-129,00;DKK
13-05-2025;Fakta 282 Notanr 05309415131270004782650;-162,95;DKK
12-05-2025;LIDL249AALBORGGRNLANDS\GRNLANDSTORV10 Notanr 05438735131713159141672;-63,40;DKK
12-05-2025;Fakta 282 Notanr 05309415130270005497259;-81,50;DKK
12-05-2025;Padel padel - Aalborg\Hellebarden 2\Svenstrup J\ Notanr 15265675130002581542087;-40,00;DKK
12-05-2025;NETTO ÅLBORG HA Notanr 05309415129800214672657;-67,50;DKK
12-05-2025;Fakta 282 Notanr 05309415128270005092344;-135,00;DKK
12-05-2025;Fakta 282 Notanr 05309415128270004700517;-11,50;DKK
09-05-2025;Fakta 282 Notanr 05309415127270004512897;-55,45;DKK
08-05-2025;Fakta 282 Notanr 05309415126270004937061;-192,60;DKK
08-05-2025;Fakta 282 Notanr 05309415126270004568239;-53,00;DKK
08-05-2025;Fakta 282 Notanr 05309415126270004283474;-69,40;DKK
06-05-2025;kanpla.dk\Sondergade 44, sal 3\Aarhus C\ Notanr 85263235125517177456033;-24,00;DKK
06-05-2025;Betalingsservice IDA INGENIØRFORE. I DANMARK Aftalenr. 971748364;-120,00;DKK
05-05-2025;Mob.Pay*Lasse Dahl, Nota nr. 05309415124270007974741;-567,00;DKK
05-05-2025;Betalingsservice IDA INGENIØRFORE. I DANMARK Aftalenr. 958395346;-878,25;DKK
05-05-2025;LIDL115AALBORGSV Notanr 05438735123712367049834;-93,10;DKK
05-05-2025;COOP App, Albertslund;-248,20;DKK
05-05-2025;COOP App, Albertslund;-50,45;DKK
05-05-2025;COOP App, Albertslund;-198,50;DKK
02-05-2025;GISTRUP BAGERI Notanr 05438735121812134154685;-42,00;DKK
01-05-2025;TGTG sj6dr3mfa6sb0\Lindgreens Alle 9, 1.\toogoodtogo.d\ Notanr 15265675120003222975035;-45,00;DKK
01-05-2025;TGTG gswce2a99wah0\Lindgreens Alle 9, 1.\toogoodtogo.d\ Notanr 15265675120002785277086;-45,00;DKK
01-05-2025;COOP App, Albertslund;-124,15;DKK
01-05-2025;Betalingsservice P/S MARSHALLS ALLE Aftalenr. 991985468;-9.672,48;DKK
01-05-2025;Betalingsservice AALBORG KOMMUNE, CVRNR. 29189420 Aftalenr. 003763260;-3.409,00;DKK
01-05-2025;Betalingsservice NORLYS ENERGI A/S Aftalenr. 994902809;-440,93;DKK
01-05-2025;Delebil;-1.000,00;DKK
01-05-2025;LIDL AALBORG S Notanr 05438735120712048149386;-339,65;DKK
01-05-2025;REMA 1000 AALBO Notanr 05309415119800102509278;-28,50;DKK
01-05-2025;SPAR DORAVEJ AN Notanr 05309415119800105992224;-6,95;DKK
30-04-2025;Fælles;6.000,00;DKK
30-04-2025;Fast penge Kristian;17.000,00;DKK
29-04-2025;Overførsel;1.000,00;DKK
28-04-2025;MENY H.C. Notanr 05309415117800106749278;-103,85;DKK
28-04-2025;Mob.Pay*CROSSFIT9900, Frederikshav;-5,00;DKK
28-04-2025;HJEM-IS DANMARK Notanr 05309415115800100464470;-328,98;DKK
28-04-2025;COOP App, Albertslund;-47,45;DKK
25-04-2025;COOP App, Albertslund;-113,55;DKK
25-04-2025;Mob.Pay*Peach Fuzz, Hvidovre;-119,00;DKK
24-04-2025;kanpla.dk\Sondergade 44, sal 3\Aarhus C\ Notanr 85263235113516147634251;-24,00;DKK
24-04-2025;TGTG dhgr1ws1ng560\Lindgreens Alle 9, 1.\toogoodtogo.d\ Notanr 15265675113002973605022;-36,00;DKK
24-04-2025;COOP App, Albertslund;-299,65;DKK
23-04-2025;JUMBO MINDET\4D MINDET\AARHUS C\ Notanr 55184225112601125742366;-32,00;DKK
23-04-2025;BRUUNS APOTEK Notanr 05309415112800107124070;-84,95;DKK
23-04-2025;COOP App, Albertslund;-23,45;DKK
23-04-2025;COOP App, Albertslund;-27,50;DKK
22-04-2025;MobilePay køb MobilePay Coop App;-65,00;DKK
22-04-2025;MobilePay køb MobilePay Coop App;-469,35;DKK
22-04-2025;COOP App, Albertslund;-43,95;DKK
22-04-2025;NETTO TÅRNH Notanr 05309415109800157163023;-43,90;DKK
22-04-2025;REMA 1000 AALBO Notanr 05309415109800024474157;-174,50;DKK
22-04-2025;COOP App, Albertslund;-142,35;DKK
22-04-2025;COOP App, Albertslund;-151,75;DKK
22-04-2025;MobilePay køb MobilePay Coop App;-109,95;DKK
22-04-2025;Fakta 282 Notanr 05309415106270006030711;-67,50;DKK
22-04-2025;REMA 1000 AALBO Notanr 05309415106800022129152;-696,75;DKK
22-04-2025;COOP App, Albertslund;-53,95;DKK
15-04-2025;COOP App, Albertslund;-145,90;DKK
15-04-2025;Mob.Pay*Vinduespudser Gruppen, Logstor;-210,00;DKK
14-04-2025;" APPLE.COM/BILL, 80249625";-9,00;DKK
14-04-2025;REMA 1000 AALBO Notanr 05309415102800156798990;-946,21;DKK
14-04-2025;UFILTRERET PROGRAM\Lrkevej 10\COPENHAGEN\ Notanr 82644315103500003764294;-129,00;DKK
14-04-2025;REMA 1000 AALBO Notanr 05309415101800153251242;-25,00;DKK
14-04-2025;COOP App, Albertslund;-118,50;DKK
11-04-2025;Overførsel;5.000,00;DKK
11-04-2025;Mob.Pay*Peach Fuzz, Hvidovre;-69,00;DKK
11-04-2025;BYENS ISMEJERI Notanr 05309415099800104609096;-50,00;DKK
11-04-2025;MH (Z¿CALO) Notanr 05309415099800066859184;-89,00;DKK
09-04-2025;kanpla.dk\Sondergade 44, sal 3\Aarhus C\ Notanr 85263235098513118465392;-24,00;DKK
08-04-2025;OK Svenstrup, Skjoldet\Skjoldet 2 Notanr 05309415096270004438702;-495,69;DKK
08-04-2025;GUG ANLAG OG PL\Indkildevej 17\Aalborg SO\ Notanr 25481045097086090426571;-765,00;DKK
08-04-2025;NETTO VISSEVEJ, Notanr 05309415096800082213872;-1.069,24;DKK
07-04-2025;PARADIS AALBORG Notanr 05309415095800157218468;-53,00;DKK
07-04-2025;F Notanr 05309415095800116272374;-20,00;DKK
07-04-2025;COOP App, Albertslund;-305,85;DKK
07-04-2025;Fakta 282 Notanr 05309415093270004677260;-93,00;DKK
04-04-2025;COOP App, Albertslund;-68,90;DKK
04-04-2025;COOP App, Albertslund;-113,35;DKK
03-04-2025;F Notanr 05309415091800035110071;-64,00;DKK
02-04-2025;Betalingsservice AALBORG FORSYNING Aftalenr. 993369594;-1.469,10;DKK
02-04-2025;Betalingsservice AALBORG FORSYNING Aftalenr. 993369593;-1.370,41;DKK
01-04-2025;kanpla.dk\Sondergade 44, sal 3\Aarhus C\ Notanr 85263235090512098458755;-24,00;DKK
01-04-2025;Betalingsservice P/S MARSHALLS ALLE Aftalenr. 991985468;-9.672,48;DKK
01-04-2025;Betalingsservice AALBORG KOMMUNE, CVRNR. 29189420 Aftalenr. 003763260;-3.409,00;DKK
01-04-2025;Betalingsservice AKADEMIKERNES A-KASSE Aftalenr. 990597999;-1.497,00;DKK
01-04-2025;Betalingsservice TRYG Aftalenr. 963818666;-762,70;DKK
01-04-2025;Betalingsservice NORLYS ENERGI A/S Aftalenr. 994902809;-531,84;DKK
01-04-2025;Delebil;-1.000,00;DKK
31-03-2025;Fælles;6.000,00;DKK
31-03-2025;Fast penge Kristian;17.000,00;DKK
31-03-2025;SILVAN A/S Notanr 05309415087800093600993;-116,90;DKK
31-03-2025;COOP App, Albertslund;-168,70;DKK
27-03-2025;REMA 1000 AALBO Notanr 05309415085800020249635;-37,00;DKK
26-03-2025;AALBORG LUFTHAV Notanr 05309415084800018955400;-35,00;DKK
26-03-2025;OK Svenstrup, Skjoldet\Skjoldet 2 Notanr 05309415084270003731564;-477,69;DKK
26-03-2025;" Inflight Services Norw, Kista";-30,00;DKK
26-03-2025;COOP App, Albertslund;-44,70;DKK
25-03-2025;kanpla.dk\Sondergade 44, sal 3\Aarhus C\ Notanr 85263235083511084319103;-24,00;DKK
25-03-2025;kanpla.dk\Sondergade 44, sal 3\Aarhus C\ Notanr 85263235083511084319095;-6,00;DKK
24-03-2025;LIDL AALBORG S Notanr 05438735083708343074746;-220,95;DKK
24-03-2025;COOP App, Albertslund;-260,05;DKK
24-03-2025;GISTRUP BAGERI Notanr 05438735082808228872353;-145,00;DKK
24-03-2025;CAFE CAMPUS AAU\MYRDALSTRAEDE 268\AALBORG\ Notanr 55184225081620814940229;-165,00;DKK
24-03-2025;MobilePay køb MobilePay Coop App;-30,00;DKK
24-03-2025;REMA 1000 AALBO Notanr 05309415080800222568902;-50,65;DKK
24-03-2025;COOP App, Albertslund;-85,90;DKK
21-03-2025;MobilePay køb MobilePay Coop App;-44,20;DKK
21-03-2025;Fakta 282 Notanr 05309415079270004690709;-103,94;DKK
20-03-2025;TGTG q9rt0ycpqrfw0\Lindgreens Alle 9, 1.\toogoodtogo.d\ Notanr 15265675078003042472058;-36,00;DKK
19-03-2025;REMA 1000 AALBO Notanr 05309415077800159513033;-135,45;DKK
19-03-2025;F Notanr 05309415076800024752460;-22,00;DKK
18-03-2025;kanpla.dk\Sondergade 44, sal 3\Aarhus C\ Notanr 85263235076510071058384;-24,00;DKK
17-03-2025;F Notanr 05309415075800021728498;-566,15;DKK
17-03-2025;COOP App, Albertslund;-67,90;DKK
17-03-2025;Fakta 282 Notanr 05309415073270005886500;-246,90;DKK
17-03-2025;OTHELLOBAGERIET Notanr 05309415073800152311231;-55,00;DKK
17-03-2025;NETTO ÅLBORG HA Notanr 05309415073800029262179;-12,00;DKK
14-03-2025;CIRCLE K MOTORVEJSCENT\OSTJYSKE MOTORVEJ 617B Notanr 05438735073707258167935;-22,00;DKK
14-03-2025;CIRCLE K MOTORVEJSCENT\OSTJYSKE MOTORVEJ 617B Notanr 05438735073707258167927;-51,00;DKK
14-03-2025;CIRCLE K MOTORVEJSCENT\OSTJYSKE MOTORVEJ 617B Notanr 05438735073707258167901;-452,82;DKK
14-03-2025;" Agip Service-Station, Feucht beløb omregnet fra -86,14 EUR til kurs 753,483897";-649,05;DKK
14-03-2025;COOP App, Albertslund;-103,00;DKK
14-03-2025;COOP App, Albertslund;-62,70;DKK
13-03-2025;" APPLE.COM/BILL, 80249625";-9,00;DKK
13-03-2025;" Raststaette Feucht Ost, Feucht beløb omregnet fra -5,67 EUR til kurs 753,373120";-42,72;DKK
13-03-2025;" MCDONALDS STORE 1744, FEUCHT beløb omregnet fra -12,19 EUR til kurs 753,373120";-91,84;DKK
13-03-2025;UFILTRERET PROGRAM\Lrkevej 10\COPENHAGEN\ Notanr 82644315071500012260225;-129,00;DKK
13-03-2025;" Gruenwaldkopfbahn, Obertauern beløb omregnet fra -99,00 EUR til kurs 753,373120";-745,84;DKK
13-03-2025;" Hotel Aurora, Obertauern beløb omregnet fra -36,50 EUR til kurs 753,373120";-274,98;DKK
12-03-2025;" Hotel Aurora, Obertauern beløb omregnet fra -15,50 EUR til kurs 753,329023";-116,77;DKK
12-03-2025;" Austria Bar Platten, Obertauern beløb omregnet fra -9,50 EUR til kurs 753,329023";-71,57;DKK
10-03-2025;" Agip Service-Station, Hepberg beløb omregnet fra -41,62 EUR til kurs 753,342325";-313,54;DKK
10-03-2025;" Aral Tankstelle 170917, Burghaun beløb omregnet fra -4,54 EUR til kurs 753,342325";-34,20;DKK
10-03-2025;" Aral Tankstelle 170917, Burghaun beløb omregnet fra -53,33 EUR til kurs 753,342325";-401,76;DKK
10-03-2025;" Koeschinger Forst West, Hepberg beløb omregnet fra -1,00 EUR til kurs 753,342325";-7,53;DKK
10-03-2025;" Koeschinger Forst West, Hepberg beløb omregnet fra -1,00 EUR til kurs 753,342325";-7,53;DKK
10-03-2025;" Gamsmilchbar, Obertauern beløb omregnet fra -12,00 EUR til kurs 753,342325";-90,40;DKK
10-03-2025;" HOYER AUTOHOF SOLTAU, Soltau beløb omregnet fra -56,56 EUR til kurs 753,342325";-426,09;DKK
10-03-2025;" HOYER AUTOHOF SOLTAU, Soltau beløb omregnet fra -7,10 EUR til kurs 753,342325";-53,49;DKK
10-03-2025;" Grossenmoor West Tanks, Burghaun beløb omregnet fra -1,00 EUR til kurs 753,342325";-7,53;DKK
10-03-2025;" BURGER KING 16333 SOT, SOLTAU beløb omregnet fra -25,28 EUR til kurs 753,342325";-190,44;DKK
10-03-2025;COOP App, Albertslund;-69,95;DKK
06-03-2025;OK Svenstrup, Skjoldet\Skjoldet 2 Notanr 05309415064270009319731;-252,22;DKK
06-03-2025;GISTRUP BAGERI Notanr 05438735065806526679521;-61,00;DKK
06-03-2025;VEJGAARD APOTEK Notanr 05309415064800030587342;-139,65;DKK
05-03-2025;LIDL AALBORG S Notanr 05438735064706435050965;-186,00;DKK
05-03-2025;kanpla.dk\Sondergade 44, sal 3\Aarhus C\ Notanr 85263235063508045894368;-24,00;DKK
05-03-2025;COOP App, Albertslund;-96,75;DKK
04-03-2025;kanpla.dk\Sondergade 44, sal 3\Aarhus C\ Notanr 85263235062508042685125;-24,00;DKK
04-03-2025;proshop.dk\Michael Drewsens Vej 7\Hojbjerg\ Notanr 25481045062084953616876;-428,00;DKK
03-03-2025;COOP App, Albertslund;-205,15;DKK
03-03-2025;Betalingsservice P/S MARSHALLS ALLE Aftalenr. 991985468;-9.801,56;DKK
03-03-2025;Betalingsservice AALBORG KOMMUNE, CVRNR. 29189420 Aftalenr. 003763260;-3.409,00;DKK
03-03-2025;Betalingsservice NORLYS ENERGI A/S Aftalenr. 994902809;-512,18;DKK
03-03-2025;CAFE CAMPUS AAU\MYRDALSTRAEDE 268\AALBORG\ Notanr 55184225059570608972680;-170,00;DKK
28-02-2025;kanpla.dk\Sondergade 44, sal 3\Aarhus C\ Notanr 85263235058508032119784;-6,00;DKK
28-02-2025;kanpla.dk\Sondergade 44, sal 3\Aarhus C\ Notanr 85263235058508032119651;-24,00;DKK
28-02-2025;Fælles;6.000,00;DKK
28-02-2025;Fast penge Kristian;17.000,00;DKK
28-02-2025;Delebil;-1.000,00;DKK
28-02-2025;COOP App, Albertslund;-184,40;DKK
27-02-2025;GISTRUP BAGERI Notanr 05438735058805825412641;-42,00;DKK
27-02-2025;NETTO ÅLBORG HA Notanr 05309415057800025009491;-33,50;DKK
26-02-2025;F Notanr 05309415056800128967059;-54,00;DKK
26-02-2025;kanpla.dk\Sondergade 44, sal 3\Aarhus C\ Notanr 85263235056507027540998;-24,00;DKK
25-02-2025;Surf og Ski Aalborg\Hobrovej 312\Aalborg\ Notanr 15265675055001979302055;-250,00;DKK
24-02-2025;OK Svenstrup, Skjoldet\Skjoldet 2 Notanr 05309415054270003813913;-471,11;DKK
24-02-2025;REMA 1000 AALBO Notanr 05309415053800023143635;-86,40;DKK
24-02-2025;REMA 1000 AALBO Notanr 05309415052800138832909;-378,95;DKK
24-02-2025;kanpla.dk\Sondergade 44, sal 3\Aarhus C\ Notanr 85263235052507020530891;-24,00;DKK
20-02-2025;NETTO ÅLBORG HA Notanr 05309415050800024948332;-37,00;DKK
19-02-2025;REMA 1000 AALBO Notanr 05309415049800178611797;-115,30;DKK
18-02-2025;COOP App, Albertslund;-106,65;DKK
18-02-2025;Mob.Pay*Vinduespudser Gruppen, Logstor;-210,00;DKK
17-02-2025;OK Svenstrup, Skjoldet\Skjoldet 2 Notanr 05309415046270009327604;-542,45;DKK
17-02-2025;REMA 1000 KLARU Notanr 05309415046800022917187;-169,35;DKK
17-02-2025;CAFE CAMPUS AAU\MYRDALSTRAEDE 268\AALBORG\ Notanr 55184225045570464944796;-170,00;DKK
17-02-2025;NETTO ÅLBORG HA Notanr 05309415045800199721488;-129,00;DKK
17-02-2025;kanpla.dk\Sondergade 44, sal 3\Aarhus C\ Notanr 85263235045506007194671;-24,00;DKK
14-02-2025;" APPLE.COM/BILL, CORK";-9,00;DKK
14-02-2025;COOP App, Albertslund;-59,95;DKK
13-02-2025;REMA 1000 AALBO Notanr 05309415043800020215041;-77,00;DKK
13-02-2025;HELLOFRESH DK Notanr 12702865044000160199444;-24,90;DKK
13-02-2025;HELLOFRESH DK Notanr 12702865044000160183810;-657,00;DKK
13-02-2025;UFILTRERET PROGRAM\Lrkevej 10\COPENHAGEN\ Notanr 82644315043000018102690;-103,20;DKK
12-02-2025;kanpla.dk\Sondergade 44, sal 3\Aarhus C\ Notanr 85263235042505000772866;-24,00;DKK
12-02-2025;COOP App, Albertslund;-50,00;DKK
10-02-2025;COOP App, Albertslund;-287,00;DKK
10-02-2025;LIDL ÅRHUS V Notanr 05438735040704033779878;-91,00;DKK
10-02-2025;BERRY&BEAN A/S Notanr 05309415039800119673684;-1.004,00;DKK
10-02-2025;GISTRUP BAGERI Notanr 05438735039803932802832;-64,00;DKK
10-02-2025;REMA 1000 AALBO Notanr 05309415038800099986313;-62,00;DKK
07-02-2025;COOP App, Albertslund;-78,25;DKK
07-02-2025;OK Svenstrup, Skjoldet\Skjoldet 2 Notanr 05309415036270009382148;-483,65;DKK
06-02-2025;KANPLA\C.A. THYREGODS VEJ 5\ABYHOJ\ Notanr 55184225035550367361670;-24,00;DKK
05-02-2025;MED24.DK\LOKKENSHOLMSVEJ 6\LOKKEN\ Notanr 55184225035600352906201;-362,40;DKK
05-02-2025;Betalingsservice IDA INGENIØRFORE. I DANMARK Aftalenr. 958395346;-878,25;DKK
05-02-2025;COOP App, Albertslund;-49,25;DKK
04-02-2025;KANPLA\C.A. THYREGODS VEJ 5\ABYHOJ\ Notanr 55184225034550357361533;-24,00;DKK
04-02-2025;COOP App, Albertslund;-113,70;DKK
03-02-2025;Betalingsservice P/S MARSHALLS ALLE Aftalenr. 991985468;-9.801,55;DKK
03-02-2025;Betalingsservice AALBORG KOMMUNE, CVRNR. 29189420 Aftalenr. 003763260;-3.409,00;DKK
03-02-2025;Betalingsservice NORLYS ENERGI A/S Aftalenr. 994902809;-522,85;DKK
03-02-2025;COOP App, Albertslund;-312,50;DKK
03-02-2025;Overførsel;6.000,00;DKK
31-01-2025;Delebil;-1.000,00;DKK
31-01-2025;COOP App, Albertslund;-40,95;DKK
31-01-2025;Fast penge Kristian;17.000,00;DKK
30-01-2025;REMA 1000 AALBO Notanr 05309415029800155204263;-47,50;DKK
30-01-2025;HELLOFRESH DK Notanr 12702865030000273500195;-657,00;DKK
30-01-2025;HELLOFRESH DK Notanr 12702865030000156377646;-34,95;DKK
29-01-2025;KANPLA\C.A. THYREGODS VEJ 5\ABYHOJ\ Notanr 55184225028550297643709;-24,00;DKK
29-01-2025;F Notanr 05309415028800020877112;-63,50;DKK
29-01-2025;Overførsel;1.000,00;DKK
28-01-2025;REMA 1000 AALBO Notanr 05309415027800020783808;-518,25;DKK
27-01-2025;SURDEJSBAGEREN\Budolfi Plads 14\Aalborg\ Notanr 25481045027083917667797;-134,00;DKK
27-01-2025;COOP App, Albertslund;-115,00;DKK
27-01-2025;Overførsel;1.000,00;DKK
27-01-2025;KANPLA\C.A. THYREGODS VEJ 5\ABYHOJ\ Notanr 55184225024560250016763;-24,00;DKK
24-01-2025;COOP App, Albertslund;-153,25;DKK
24-01-2025;COOP App, Albertslund;-61,75;DKK
23-01-2025;VEJGAARD BAGERI Notanr 05309415022800023271418;-90,00;DKK
23-01-2025;COOP App, Albertslund;-24,45;DKK
23-01-2025;KANPLA\C.A. THYREGODS VEJ 5\ABYHOJ\ Notanr 55184225021550226634933;-24,00;DKK
23-01-2025;KANPLA\C.A. THYREGODS VEJ 5\ABYHOJ\ Notanr 55184225021550226634925;-6,00;DKK
21-01-2025;KANPLA\C.A. THYREGODS VEJ 5\ABYHOJ\ Notanr 55184225020550216449442;-24,00;DKK
21-01-2025;COOP App, Albertslund;-48,00;DKK
20-01-2025;OK Svenstrup, Skjoldet\Skjoldet 2 Notanr 05309415019270003659278;-487,43;DKK
20-01-2025;NETTO KOLLEGIEV Notanr 05309415019800089873276;-144,81;DKK
20-01-2025;F Notanr 05309415017800179857033;-382,90;DKK
20-01-2025;F Notanr 05309415017800179859542;100,00;DKK
17-01-2025;REMA 1000 AALBO Notanr 05309415016800152985927;-26,50;DKK
17-01-2025;Fakta 282 Notanr 05309415016270004176739;-97,40;DKK
17-01-2025;COOP App, Albertslund;-44,95;DKK
16-01-2025;LIDL AALBORG S Notanr 05438735016701635939553;-175,70;DKK
16-01-2025;HELLOFRESH DK Notanr 12702865016000157123591;-24,90;DKK
16-01-2025;HELLOFRESH DK Notanr 12702865016000157123823;-581,00;DKK
14-01-2025;KANPLA\C.A. THYREGODS VEJ 5\ABYHOJ\ Notanr 55184225013550144996638;-24,00;DKK
13-01-2025;" APPLE.COM/BILL, 80249625";-9,00;DKK
13-01-2025;HM DK0709\Fjordgade 14\Aalborg\ Notanr 15265675012001688225078;-437,99;DKK
13-01-2025;NADIAS SANDWICH Notanr 05309415011800169279475;-67,00;DKK
13-01-2025;COOP App, Albertslund;-99,65;DKK
13-01-2025;KANPLA\C.A. THYREGODS VEJ 5\ABYHOJ\ Notanr 55184225010560115212082;-24,00;DKK
13-01-2025;KANPLA\C.A. THYREGODS VEJ 5\ABYHOJ\ Notanr 55184225010560115212165;-6,00;DKK
13-01-2025;NETTO ÅLBORG HA Notanr 05309415010800180359232;-119,00;DKK
10-01-2025;OK Svenstrup, Skjoldet\Skjoldet 2 Notanr 05309415009270003889083;-349,50;DKK
10-01-2025;REMA 1000 AALBO Notanr 05309415009800018329319;-380,10;DKK
10-01-2025;" SSP EGYPT HURGHADA, HURGHADA -25B beløb omregnet fra -23,73 USD til kurs 734,976725";-174,41;DKK
10-01-2025;" OVER SEAS DUTY FREE, HURGHADA -25B beløb omregnet fra -12,00 USD til kurs 734,976725";-88,20;DKK
10-01-2025;" AQUA VISTA RESORT, HURGHADA -25B beløb omregnet fra -21,00 EUR til kurs 753,552031";-158,25;DKK
09-01-2025;HELLOFRESH DK Notanr 12702865009000152813815;-505,00;DKK
06-01-2025;" PAYMOB-*Annteam98, HURGHADA beløb omregnet fra -3.300,00 EGP til kurs 14,482568";-477,92;DKK
06-01-2025;" DR FISH - STELLA BEACH, RED SEA beløb omregnet fra -520,00 EGP til kurs 14,482568";-75,31;DKK
06-01-2025;" DR FISH - STELLA BEACH, RED SEA beløb omregnet fra -880,00 EGP til kurs 14,482568";-127,45;DKK
03-01-2025;Betalingsservice AALBORG FORSYNING Aftalenr. 993369594;-1.437,45;DKK
03-01-2025;Betalingsservice AALBORG FORSYNING Aftalenr. 993369593;-1.305,91;DKK
02-01-2025;THE BUDDHA BOWL Notanr 05309415001800025932905;-147,00;DKK
02-01-2025;Betalingsservice P/S MARSHALLS ALLE Aftalenr. 991985468;-9.930,62;DKK
02-01-2025;Betalingsservice AALBORG KOMMUNE, CVRNR. 29189420 Aftalenr. 003763260;-3.409,00;DKK
02-01-2025;Betalingsservice AKADEMIKERNES A-KASSE Aftalenr. 990597999;-1.497,00;DKK
02-01-2025;Betalingsservice TRYG Aftalenr. 930032137;-1.330,88;DKK
02-01-2025;Betalingsservice NORLYS ENERGI A/S Aftalenr. 994902809;-555,33;DKK
02-01-2025;F Notanr 05309414366800055527031;-94,95;DKK
02-01-2025;NETTO ETERNITTE Notanr 05309414366800060420206;-30,00;DKK
02-01-2025;EasyPark A/S\Jaegersborg Alle 16\easypark.dk\ Notanr 15265674366001746408042;-36,80;DKK
02-01-2025;OK Svenstrup, Skjoldet\Skjoldet 2 Notanr 05309414365280003491401;-489,13;DKK
02-01-2025;HM DK0847\Hobrovej 452\Aalborg\ Notanr 15265674365003438258074;-228,00;DKK